112001;122613
112002;122614
112003;122615
112004;122616
112005;122617
112006;122618
112007;122619
112008;122620
112009;122622
112010;122623
112011;122624
112001;122626
112002;122627
112003;122628
112004;122630
112005;122631
112006;122632
112007;122633
112008;122636
112009;122637
112010;122638
112011;122639
112001;122640
112002;122642
112003;122643
112004;122644
112005;122645
112006;122647
112007;122648
112008;122649
112009;122650
112010;122651
112011;122652
112001;122653
112002;122654
112003;122655
112004;122656
112005;122657
112006;122658
112007;122659
112008;122660
112009;122662
112010;122663
112011;122664